# ************************************************************
# Sequel Pro SQL dump
# Version 4541
#
# http://www.sequelpro.com/
# https://github.com/sequelpro/sequelpro
#
# Host: 127.0.0.1 (MySQL 5.7.22)
# Database: kboot
# Generation Time: 2018-09-12 07:57:12 +0000
# ************************************************************


/*!40101 SET @OLD_CHARACTER_SET_CLIENT=@@CHARACTER_SET_CLIENT */;
/*!40101 SET @OLD_CHARACTER_SET_RESULTS=@@CHARACTER_SET_RESULTS */;
/*!40101 SET @OLD_COLLATION_CONNECTION=@@COLLATION_CONNECTION */;
/*!40101 SET NAMES utf8 */;
/*!40014 SET @OLD_FOREIGN_KEY_CHECKS=@@FOREIGN_KEY_CHECKS, FOREIGN_KEY_CHECKS=0 */;
/*!40101 SET @OLD_SQL_MODE=@@SQL_MODE, SQL_MODE='NO_AUTO_VALUE_ON_ZERO' */;
/*!40111 SET @OLD_SQL_NOTES=@@SQL_NOTES, SQL_NOTES=0 */;


# Dump of table kboot_course_info
# ------------------------------------------------------------

DROP TABLE IF EXISTS `kboot_course_info`;

CREATE TABLE `kboot_course_info` (
  `id` int(11) unsigned NOT NULL AUTO_INCREMENT,
  `name` varchar(40) DEFAULT NULL,
  PRIMARY KEY (`id`)
) ENGINE=InnoDB DEFAULT CHARSET=utf8;

LOCK TABLES `kboot_course_info` WRITE;
/*!40000 ALTER TABLE `kboot_course_info` DISABLE KEYS */;

INSERT INTO `kboot_course_info` (`id`, `name`)
VALUES
	(1,'keeley'),
	(2,'name');

/*!40000 ALTER TABLE `kboot_course_info` ENABLE KEYS */;
UNLOCK TABLES;


# Dump of table kboot_permission
# ------------------------------------------------------------

DROP TABLE IF EXISTS `kboot_permission`;

CREATE TABLE `kboot_permission` (
  `id` bigint(20) NOT NULL AUTO_INCREMENT,
  `enable` bit(1) DEFAULT NULL,
  `name` varchar(255) COLLATE utf8mb4_bin NOT NULL,
  `path` varchar(255) COLLATE utf8mb4_bin DEFAULT NULL,
  `permission_key` varchar(32) COLLATE utf8mb4_bin NOT NULL,
  `resource` varchar(255) COLLATE utf8mb4_bin DEFAULT NULL,
  `type` varchar(255) COLLATE utf8mb4_bin DEFAULT NULL,
  `weight` int(11) DEFAULT NULL,
  `parent_id` bigint(20) DEFAULT NULL,
  `icon` varchar(64) COLLATE utf8mb4_bin DEFAULT NULL,
  PRIMARY KEY (`id`),
  KEY `FKarkyg4p1bouosuixjo7rebdjn` (`parent_id`),
  CONSTRAINT `FKarkyg4p1bouosuixjo7rebdjn` FOREIGN KEY (`parent_id`) REFERENCES `kboot_permission` (`id`) ON DELETE CASCADE
) ENGINE=InnoDB DEFAULT CHARSET=utf8mb4 COLLATE=utf8mb4_bin;

LOCK TABLES `kboot_permission` WRITE;
/*!40000 ALTER TABLE `kboot_permission` DISABLE KEYS */;

INSERT INTO `kboot_permission` (`id`, `enable`, `name`, `path`, `permission_key`, `resource`, `type`, `weight`, `parent_id`, `icon`)
VALUES
	(1,b'1',X'E7B3BBE7BB9FE7AEA1E79086',X'',X'73797374656D',X'',X'43415445474F5259',0,NULL,X'66612066612D636F6773'),
	(2,b'1',X'E69D83E99990E7AEA1E79086',X'2F73797374656D2F7065726D697373696F6E',X'73797374656D3A7065726D697373696F6E',X'2F73797374656D2F7065726D697373696F6E2F6C697374',X'4D454E55',0,1,X'66612066612D6B6579'),
	(3,b'1',X'E8A792E889B2E7AEA1E79086',X'2F73797374656D2F726F6C65',X'73797374656D3A726F6C65',X'2F73797374656D2F726F6C652F6C697374',X'4D454E55',1,1,X'66612066612D7573657273'),
	(4,b'1',X'E794A8E688B7E7AEA1E79086',X'2F73797374656D2F75736572',X'73797374656D3A75736572',X'2F73797374656D2F757365722F6C697374',X'4D454E55',1,1,X'66612066612D75736572'),
	(5,b'1',X'E5889BE5BBBA',X'',X'73797374656D3A757365723A637265617465',X'2F73797374656D2F757365722F736176652C2F73797374656D2F757365722F726F6C654C697374',X'46554E4354494F4E',0,4,X'66612066612D757365722D706C7573'),
	(6,b'1',X'E7BC96E8BE91',X'',X'73797374656D3A757365723A65646974',X'2F73797374656D2F757365722F6765742C2F73797374656D2F757365722F736176652C2F73797374656D2F757365722F726F6C654C697374',X'46554E4354494F4E',0,4,X'66612066612D65646974'),
	(7,b'1',X'E588A0E999A4',X'',X'73797374656D3A757365723A64656C657465',X'2F73797374656D2F757365722F64656C657465',X'46554E4354494F4E',NULL,4,X'66612066612D7472617368'),
	(8,b'1',X'E5889BE5BBBA',NULL,X'73797374656D3A7065726D697373696F6E3A637265617465',X'2F73797374656D2F7065726D697373696F6E2F73617665',X'46554E4354494F4E',0,2,X'66612066612D706C7573'),
	(9,b'1',X'E78AB6E68081E58F98E69BB4',X'',X'73797374656D3A7065726D697373696F6E3A757064617465456E61626C65',X'2F73797374656D2F7065726D697373696F6E2F757064617465456E61626C65',X'46554E4354494F4E',0,2,X'66612066612D636972636C652D6F2D6E6F746368'),
	(10,b'1',X'E588A0E999A4',X'',X'73797374656D3A7065726D697373696F6E3A64656C657465',X'2F73797374656D2F7065726D697373696F6E2F64656C657465',X'46554E4354494F4E',0,2,X'66612066612D7472617368'),
	(11,b'1',X'E7BC96E8BE91',NULL,X'73797374656D3A7065726D697373696F6E3A757064617465',X'2F73797374656D2F7065726D697373696F6E2F6765742C2F73797374656D2F7065726D697373696F6E2F73617665',X'46554E4354494F4E',0,2,X'66612066612D65646974'),
	(12,b'1',X'E78AB6E68081E58F98E69BB4',NULL,X'73797374656D3A757365723A757064617465456E61626C65',X'2F73797374656D2F757365722F757064617465456E61626C65',X'46554E4354494F4E',0,4,NULL),
	(13,b'1',X'E5AF86E7A081E9878DE7BDAE',NULL,X'73797374656D3A757365723A726573657450617373776F7264',X'2F73797374656D2F757365722F726573657450617373776F7264',X'46554E4354494F4E',0,4,NULL),
	(14,b'1',X'E5889BE5BBBA',NULL,X'73797374656D3A726F6C653A637265617465',X'2F73797374656D2F726F6C652F73617665',X'46554E4354494F4E',0,3,X'66612066612D706C7573'),
	(15,b'1',X'E7BC96E8BE91',NULL,X'73797374656D3A726F6C653A65646974',X'2F73797374656D2F726F6C652F6765742C2F73797374656D2F726F6C652F73617665',X'46554E4354494F4E',0,3,X'66612066612D65646974'),
	(16,b'1',X'E588A0E999A4',NULL,X'73797374656D3A726F6C653A64656C657465',X'2F73797374656D2F726F6C652F64656C657465',X'46554E4354494F4E',0,3,X'66612066612D7472617368'),
	(17,b'1',X'E78AB6E68081E58F98E69BB4',NULL,X'73797374656D3A726F6C653A757064617465456E61626C65',X'2F73797374656D2F726F6C652F757064617465456E61626C65',X'46554E4354494F4E',0,3,NULL),
	(18,b'1',X'E68E88E69D83',NULL,X'73797374656D3A726F6C653A6772616E74',X'2F73797374656D2F726F6C652F7065726D697373696F6E4C6973742C2F73797374656D2F726F6C652F6772616E74',X'46554E4354494F4E',0,3,NULL);

/*!40000 ALTER TABLE `kboot_permission` ENABLE KEYS */;
UNLOCK TABLES;


# Dump of table kboot_role
# ------------------------------------------------------------

DROP TABLE IF EXISTS `kboot_role`;

CREATE TABLE `kboot_role` (
  `id` bigint(20) NOT NULL AUTO_INCREMENT,
  `description` varchar(255) COLLATE utf8mb4_bin DEFAULT NULL,
  `enable` bit(1) DEFAULT NULL,
  `role_key` varchar(32) COLLATE utf8mb4_bin NOT NULL,
  `role_name` varchar(32) COLLATE utf8mb4_bin NOT NULL,
  PRIMARY KEY (`id`),
  UNIQUE KEY `UK_iace11lm41qsi7dstkaiecion` (`role_key`),
  UNIQUE KEY `UK_eu9uvi1fl9j2kmtul6bmcu0mh` (`role_name`)
) ENGINE=InnoDB DEFAULT CHARSET=utf8mb4 COLLATE=utf8mb4_bin;

LOCK TABLES `kboot_role` WRITE;
/*!40000 ALTER TABLE `kboot_role` DISABLE KEYS */;

INSERT INTO `kboot_role` (`id`, `description`, `enable`, `role_key`, `role_name`)
VALUES
	(1,X'E68BA5E69C89E7B3BBE7BB9FE585A8E983A8E69D83E99990EFBC8CE8AFB7E8B0A8E6858EE58886E9858DE38082',b'1',X'61646D696E',X'E7AEA1E79086E59198'),
	(3,X'E6B58BE8AF95',b'1',X'6E6F726D616C',X'E699AEE9809AE794A8E688B7');

/*!40000 ALTER TABLE `kboot_role` ENABLE KEYS */;
UNLOCK TABLES;


# Dump of table kboot_role_permission
# ------------------------------------------------------------

DROP TABLE IF EXISTS `kboot_role_permission`;

CREATE TABLE `kboot_role_permission` (
  `role_id` bigint(20) NOT NULL,
  `permission_id` bigint(20) NOT NULL,
  PRIMARY KEY (`role_id`,`permission_id`),
  KEY `FK6l1rpsk0jgvg41t538728fjm4` (`permission_id`),
  CONSTRAINT `FK4ehlewddmsjetvam13ef633iw` FOREIGN KEY (`role_id`) REFERENCES `kboot_role` (`id`) ON DELETE CASCADE,
  CONSTRAINT `FK6l1rpsk0jgvg41t538728fjm4` FOREIGN KEY (`permission_id`) REFERENCES `kboot_permission` (`id`) ON DELETE CASCADE
) ENGINE=InnoDB DEFAULT CHARSET=utf8mb4 COLLATE=utf8mb4_bin;

LOCK TABLES `kboot_role_permission` WRITE;
/*!40000 ALTER TABLE `kboot_role_permission` DISABLE KEYS */;

INSERT INTO `kboot_role_permission` (`role_id`, `permission_id`)
VALUES
	(1,1),
	(3,1),
	(1,2),
	(1,3),
	(3,3),
	(1,4),
	(3,4),
	(1,5),
	(1,6),
	(1,7),
	(1,8),
	(1,9),
	(1,10),
	(1,11),
	(1,12),
	(1,13),
	(3,13),
	(1,14),
	(1,15),
	(1,16),
	(1,17),
	(1,18),
	(3,18);

/*!40000 ALTER TABLE `kboot_role_permission` ENABLE KEYS */;
UNLOCK TABLES;


# Dump of table kboot_user
# ------------------------------------------------------------

DROP TABLE IF EXISTS `kboot_user`;

CREATE TABLE `kboot_user` (
  `id` bigint(20) NOT NULL AUTO_INCREMENT,
  `account` varchar(16) COLLATE utf8mb4_bin NOT NULL,
  `enable` bit(1) DEFAULT NULL,
  `password` varchar(128) COLLATE utf8mb4_bin NOT NULL,
  `tel` varchar(255) COLLATE utf8mb4_bin DEFAULT NULL,
  `user_name` varchar(32) COLLATE utf8mb4_bin DEFAULT NULL,
  `avatar` varchar(128) COLLATE utf8mb4_bin DEFAULT NULL,
  PRIMARY KEY (`id`),
  UNIQUE KEY `UK_dxesfklauarqhov4147i100ud` (`account`)
) ENGINE=InnoDB DEFAULT CHARSET=utf8mb4 COLLATE=utf8mb4_bin;

LOCK TABLES `kboot_user` WRITE;
/*!40000 ALTER TABLE `kboot_user` DISABLE KEYS */;

INSERT INTO `kboot_user` (`id`, `account`, `enable`, `password`, `tel`, `user_name`, `avatar`)
VALUES
	(6,X'74657374',b'1',X'6633373965616633633833316230346465313533343639643162656333343565',X'3138363736303337323932',X'E69D8EE59B9B',X'6176617461722F75736572313533333838393439333930372E6A7067'),
	(7,X'61646D696E',b'1',X'6633373965616633633833316230346465313533343639643162656333343565',X'3133323033333134383735',X'E5A48FE682B8',X'6176617461722F7573657237313533333838393631313831352E6A7067'),
	(10,X'6B65656C6579',b'1',X'3665316536616135636636343332616633356366633037386635386331356538',X'3137373237343631393532',X'6B65656C6579',NULL);

/*!40000 ALTER TABLE `kboot_user` ENABLE KEYS */;
UNLOCK TABLES;


# Dump of table kboot_user_role
# ------------------------------------------------------------

DROP TABLE IF EXISTS `kboot_user_role`;

CREATE TABLE `kboot_user_role` (
  `user_id` bigint(20) NOT NULL,
  `role_id` bigint(20) NOT NULL,
  PRIMARY KEY (`user_id`,`role_id`),
  KEY `FKnviybsn4jexeg8t4n0n4bagi5` (`role_id`),
  CONSTRAINT `FKnviybsn4jexeg8t4n0n4bagi5` FOREIGN KEY (`role_id`) REFERENCES `kboot_role` (`id`) ON DELETE CASCADE,
  CONSTRAINT `FKrgdhhtcvdp38598e9uhxd3pb` FOREIGN KEY (`user_id`) REFERENCES `kboot_user` (`id`) ON DELETE CASCADE
) ENGINE=InnoDB DEFAULT CHARSET=utf8mb4 COLLATE=utf8mb4_bin;

LOCK TABLES `kboot_user_role` WRITE;
/*!40000 ALTER TABLE `kboot_user_role` DISABLE KEYS */;

INSERT INTO `kboot_user_role` (`user_id`, `role_id`)
VALUES
	(7,1),
	(10,1),
	(6,3);

/*!40000 ALTER TABLE `kboot_user_role` ENABLE KEYS */;
UNLOCK TABLES;



/*!40111 SET SQL_NOTES=@OLD_SQL_NOTES */;
/*!40101 SET SQL_MODE=@OLD_SQL_MODE */;
/*!40014 SET FOREIGN_KEY_CHECKS=@OLD_FOREIGN_KEY_CHECKS */;
/*!40101 SET CHARACTER_SET_CLIENT=@OLD_CHARACTER_SET_CLIENT */;
/*!40101 SET CHARACTER_SET_RESULTS=@OLD_CHARACTER_SET_RESULTS */;
/*!40101 SET COLLATION_CONNECTION=@OLD_COLLATION_CONNECTION */;
